INSERT INTO district (abbreviation, name)
VALUES ('D0', 'District0'),
       ('D1', 'District1'),
       ('D2', 'District2'),
       ('D3', 'District3'),
       ('D4', 'District4'),
       ('D5', 'District5'),
       ('D6', 'District6'),
       ('D7', 'District7'),
       ('D8', 'District8'),
       ('D9', 'District9'),
       ('D10', 'District10'),
       ('D11', 'District11'),
       ('D12', 'District12'),
       ('D13', 'District13'),
       ('D14', 'District14'),
       ('D15', 'District15'),
       ('D16', 'District16'),
       ('D17', 'District17'),
       ('D18', 'District18'),
       ('D19', 'District19'),
       ('D20', 'District20');

INSERT INTO session (address, datetime)
VALUES ('Address0', '2019-02-27 02:40:32.073000'),
       ('Address1', '2019-02-27 02:40:32.078000'),
       ('Address2', '2019-02-27 02:40:32.079000'),
       ('Address3', '2019-02-27 02:40:32.079000'),
       ('Address4', '2019-02-27 02:40:32.080000'),
       ('Address5', '2019-02-27 02:40:32.081000'),
       ('Address6', '2019-02-27 02:40:32.081000'),
       ('Address7', '2019-02-27 02:40:32.082000'),
       ('Address8', '2019-02-27 02:40:32.082000'),
       ('Address9', '2019-02-27 02:40:32.083000'),
       ('Address10', '2019-02-27 02:40:32.083000'),
       ('Address11', '2019-02-27 02:40:32.083000'),
       ('Address12', '2019-02-27 02:40:32.084000'),
       ('Address13', '2019-02-27 02:40:32.084000'),
       ('Address14', '2019-02-27 02:40:32.085000'),
       ('Address15', '2019-02-27 02:40:32.085000'),
       ('Address16', '2019-02-27 02:40:32.086000'),
       ('Address17', '2019-02-27 02:40:32.086000'),
       ('Address18', '2019-02-27 02:40:32.087000'),
       ('Address19', '2019-02-27 02:40:32.087000'),
       ('Address20', '2019-02-27 02:40:32.087000');

INSERT INTO faction (address, phone_number, title, leader_id)
VALUES ('Address0', 'PhoneNumber0', 'Faction0', NULL),
       ('Address1', 'PhoneNumber1', 'Faction1', NULL),
       ('Address2', 'PhoneNumber2', 'Faction2', NULL),
       ('Address3', 'PhoneNumber3', 'Faction3', NULL),
       ('Address4', 'PhoneNumber4', 'Faction4', NULL),
       ('Address5', 'PhoneNumber5', 'Faction5', NULL),
       ('Address6', 'PhoneNumber6', 'Faction6', NULL),
       ('Address7', 'PhoneNumber7', 'Faction7', NULL),
       ('Address8', 'PhoneNumber8', 'Faction8', NULL),
       ('Address9', 'PhoneNumber9', 'Faction9', NULL),
       ('Address10', 'PhoneNumber10', 'Faction10', NULL),
       ('Address11', 'PhoneNumber11', 'Faction11', NULL),
       ('Address12', 'PhoneNumber12', 'Faction12', NULL),
       ('Address13', 'PhoneNumber13', 'Faction13', NULL),
       ('Address14', 'PhoneNumber14', 'Faction14', NULL),
       ('Address15', 'PhoneNumber15', 'Faction15', NULL),
       ('Address16', 'PhoneNumber16', 'Faction16', NULL),
       ('Address17', 'PhoneNumber17', 'Faction17', NULL),
       ('Address18', 'PhoneNumber18', 'Faction18', NULL),
       ('Address19', 'PhoneNumber19', 'Faction19', NULL),
       ('Address20', 'PhoneNumber20', 'Faction20', NULL);

INSERT INTO consignment (address, phone_number, title, faction_id, leader_id)
VALUES ('Address0', 'PhoneNumber0', 'Faction0', 1, NULL),
       ('Address1', 'PhoneNumber1', 'Faction1', 2, NULL),
       ('Address2', 'PhoneNumber2', 'Faction2', 3, NULL),
       ('Address3', 'PhoneNumber3', 'Faction3', 4, NULL),
       ('Address4', 'PhoneNumber4', 'Faction4', 5, NULL),
       ('Address5', 'PhoneNumber5', 'Faction5', 6, NULL),
       ('Address6', 'PhoneNumber6', 'Faction6', 7, NULL),
       ('Address7', 'PhoneNumber7', 'Faction7', 8, NULL),
       ('Address8', 'PhoneNumber8', 'Faction8', 9, NULL),
       ('Address9', 'PhoneNumber9', 'Faction9', 10, NULL),
       ('Address10', 'PhoneNumber10', 'Faction10', 11, NULL),
       ('Address11', 'PhoneNumber11', 'Faction11', 12, NULL),
       ('Address12', 'PhoneNumber12', 'Faction12', 13, NULL),
       ('Address13', 'PhoneNumber13', 'Faction13', 14, NULL),
       ('Address14', 'PhoneNumber14', 'Faction14', 15, NULL),
       ('Address15', 'PhoneNumber15', 'Faction15', 16, NULL),
       ('Address16', 'PhoneNumber16', 'Faction16', 17, NULL),
       ('Address17', 'PhoneNumber17', 'Faction17', 18, NULL),
       ('Address18', 'PhoneNumber18', 'Faction18', 19, NULL),
       ('Address19', 'PhoneNumber19', 'Faction19', 20, NULL),
       ('Address20', 'PhoneNumber20', 'Faction20', 21, NULL);

INSERT INTO deputy (birthday, full_name, passport_id, position, salary, consignment_id, district_id)
VALUES ('2019-02-27', 'Deputy0', '6078181597', 'Position0', 25250, 1, 1),
       ('2019-02-27', 'Deputy1', '3969957842', 'Position1', 57150, 2, 2),
       ('2019-02-27', 'Deputy2', '5146993329', 'Position2', 63260, 3, 3),
       ('2019-02-27', 'Deputy3', '9203502525', 'Position3', 87578, 4, 4),
       ('2019-02-27', 'Deputy4', '5407290461', 'Position4', 80649, 5, 5),
       ('2019-02-27', 'Deputy5', '3441720444', 'Position5', 64627, 6, 6),
       ('2019-02-27', 'Deputy6', '9716203181', 'Position6', 17263, 7, 7),
       ('2019-02-27', 'Deputy7', '2720870190', 'Position7', 39743, 8, 8),
       ('2019-02-27', 'Deputy8', '4321260861', 'Position8', 98645, 9, 9),
       ('2019-02-27', 'Deputy9', '5260574509', 'Position9', 28133, 10, 10),
       ('2019-02-27', 'Deputy10', '0929643588', 'Position10', 46328, 11, 11),
       ('2019-02-27', 'Deputy11', '0240088631', 'Position11', 42367, 12, 12),
       ('2019-02-27', 'Deputy12', '4241758407', 'Position12', 28612, 13, 13),
       ('2019-02-27', 'Deputy13', '3688366416', 'Position13', 65121, 14, 14),
       ('2019-02-27', 'Deputy14', '3618470759', 'Position14', 64759, 15, 15),
       ('2019-02-27', 'Deputy15', '2402022805', 'Position15', 68705, 16, 16),
       ('2019-02-27', 'Deputy16', '0178288551', 'Position16', 57797, 17, 17),
       ('2019-02-27', 'Deputy17', '3821701536', 'Position17', 55764, 18, 18),
       ('2019-02-27', 'Deputy18', '2779414514', 'Position18', 62407, 19, 19),
       ('2019-02-27', 'Deputy19', '2646335123', 'Position19', 66049, 20, 20),
       ('2019-02-27', 'Deputy20', '2396384859', 'Position20', 69764, 21, 21);

INSERT INTO session_participant (session_id, deputy_id)
VALUES (10, 2),
       (10, 4),
       (10, 8),
       (1, 20),
       (3, 20),
       (5, 20);